Age;AlphaForm;BetaWForm;BetaSForm;BetaJForm;GammaForm;CollpF;Duration;RefForm;formation.name;Environments
522.6;2.1979;11.80768131;0.707728271;0.739510175;14.2;25;5;3;Campito;2
516.1533333;4.0511;17.49000114;0.939029506;0.959168585;53.068;75;20.5;2;Carrara;4
511.6691176;5.7913;8.476796394;0.793354601;0.838897723;40.446;68;5.5;3;Kaili;2
508.9259259;9.2032;2.740634551;0.322997802;0.468650611;22.444;27;2;2;Burgess Shale;1
508.7192308;2.7519;13.85724789;0.861306467;0.894957153;24.052;52;15.4;3;Emigrant;1
507.0277778;5.0673;11.51642024;0.754032884;0.81423671;47.014;27;3.25;6;Wheeler;4
507;4.1028;4.020150449;0.489493336;0.585334014;12.434;27;0;1;Tindall Limestone;1
506.9130435;11.6481;10.0479831;0.876433631;0.920200847;106.81;23;6;2;Aktas;1
503.0547619;5.2479;16.51642748;0.92644708;0.948020152;69.682;84;13.6;5;Shallow Bay;4
501.08025;8.8948;14.70578668;0.939986615;0.963648415;114.878;200;15.6;6;Huaqiao;1
497.7957143;4.7278;16.35342281;0.943529884;0.959813218;58.808;140;20.5;6;Deadwood;3
497.6538462;13.2631;12.64698123;0.933814173;0.958419196;153.954;104;9.6;3;Zhumabai;2
497.6478261;4.339;14.35347016;0.880865296;0.924352553;47.686;46;7.6;2;Huayansi;1
494.9837838;9.9915;14.70826371;0.941569235;0.964194332;132.192;37;12.35;3;Rabbitkettle;1
494.65;5.4541;7.045598365;0.736583419;0.811679108;31.372;27;0;3;Franconia;2
494.65;5.2776;9.664059065;0.812613797;0.885235145;41.276;22;0;1;Warrior;2
494.65;4.3079;5.460617296;0.526106257;0.66355687;17.898;44;0;1;Lampazar;1
493.908;6.6286;9.955727812;0.862517578;0.912297405;55.976;25;6.35;1;Ogon'or;1
493.4595238;9.5389;11.91389281;0.918579586;0.949281263;101.684;21;1.25;1;Bison Creek;4
493.4171233;5.242;8.080605795;0.758149345;0.829978734;33.664;73;1.25;2;Machari;1
493.4;10.6141;9.673701264;0.886650498;0.927389547;92.134;88;0;2;Bestogai;2
493.4;5.9731;14.71077116;0.899386062;0.936561116;72.944;32;0;3;Shenjiawan;2
483.45;3.1934;16.62225804;0.914436321;0.940829268;36.156;51;0;5;House;2
483.45;3.1335;9.428222423;0.745309415;0.823595902;20.016;36;0;1;Outram;2
483.45;2.3331;15.08370597;0.829789825;0.866400526;20.154;30;0;2;Survey Peak;3
482.2891304;3.8696;15.62916973;0.940954387;0.963534391;44.562;23;8.25;4;Goodwin;1
481.2403226;3.7377;7.974816315;0.768387655;0.824406972;21.766;31;11.15;3;Boat Harbour;3
481.1568182;8.1586;12.36907385;0.876887016;0.927036807;88.494;22;11.15;3;Deadwood;2
479.512963;3.8713;20.46594915;0.967221542;0.977721034;58.194;81;18.8;9;Fillmore;3
477.8919355;4.5117;19.24985327;0.957224591;0.971908386;67.182;62;18.8;7;Garden City;3
475.9367347;4.5642;17.10769252;0.924224741;0.953315384;60.852;49;7.75;7;Ninemile;4
475.8211111;2.6022;17.61685923;0.911552422;0.939042179;27.676;135;5.9;2;Kindblade;2
475.2173913;4.0855;10.19142946;0.840053794;0.88918791;31.408;23;3.05;2;Emanuel;1
473.4304348;10.0851;7.298690031;0.768609483;0.861137571;66.228;23;1.85;3;Smithville;1
473.1484848;4.8384;12.03087784;0.856476119;0.906513888;45.85;33;15.4;6;Wah Wah;3
473.05;6.7105;10.40702471;0.858208712;0.913033411;58.688;42;1.05;10;Dawan;2
472.8055556;4.6179;10.55639562;0.803473882;0.848863846;37.776;27;1.05;2;Zhitai;2
472.7645833;4.3841;11.02905042;0.833193635;0.893725613;37.316;24;11.15;9;Honghuayuan;3
472.6097222;2.8793;10.96161979;0.73094505;0.815622774;20.534;36;11.15;3;Meitan;4
470.75;6.3629;6.857635615;0.793467118;0.85913029;36.332;62;5.25;4;Volkhov;3
470.0714286;3.6009;11.19276632;0.824320149;0.877816606;29.03;28;7.8;3;Nora;2
469.3053191;3.0381;14.99385134;0.882877482;0.920216849;30.322;47;8.7;3;Kanosh;2
467.3925197;5.6738;18.69132419;0.961746629;0.977266174;86.368;127;15.55;10;Antelope Valley;5
465.4173077;3.4953;14.15555353;0.893734051;0.921655042;35.26;26;5.25;5;Sunblood;2
464.2448276;4.9579;9.570179712;0.838344755;0.89479236;37.382;29;2.9;3;Mingan;2
463.45;4.2246;5.145243558;0.540395296;0.670472929;16.518;30;0;1;Meadowtown Beds;1
463.45;7.7376;7.041987431;0.794757153;0.867749412;47.428;24;0;2;Uzunbulak;2
462.6384615;7.3426;10.65477695;0.858662775;0.913808651;67.868;39;2.9;6;Day Point;3
462.5132653;10.0101;9.445928142;0.830536669;0.895538108;84.91;49;2.9;8;Crown Point;2
462.382;6.4129;10.37982409;0.805526525;0.877335539;56.198;50;2.9;8;Valcour;2
462.2;5.2213;3.782347684;0.460329614;0.608360812;15.906;37;0;1;Flags and Grits;2
462.2;3.342;5.422246892;0.50376;0.636765952;12.646;29;0;1;Rorrington Beds;1
458.35;2.9771;18.26139904;0.93403499;0.950508452;35.524;35;0;8;Kahula;2
450.75;6.8983;7.851124196;0.650939434;0.765862344;47.892;67;0;4;Fairview;2
450.75;6.5503;15.88602043;0.908794648;0.941856784;89.99;25;0;1;Lorraine;1
450.75;5.6222;5.832692223;0.574557708;0.706279285;27.49;35;0;2;Mount Auburn;1
450.7;4.8019;8.958078818;0.879691487;0.921095839;33.686;26;0;1;Slade and Redhill Mudstone;1
450.692;6.7193;7.719262072;0.576843933;0.708644163;46.614;50;2.9;2;Corryville;1
450.659375;5.4861;8.782633509;0.576303883;0.701786131;40.694;32;2.9;3;Bellevue;1
450.2709677;4.8255;14.67364486;0.927707;0.953681753;55.946;31;6.05;4;Husbergoya;2
450.1487395;2.7258;14.31048977;NA;NA;24.878;119;4.1;5;Vaureal;2
448.27;5.2199;7.683270533;0.587318505;0.692193292;32.564;40;3.2;1;Dufton Shales;1
446.6325806;6.3158;9.234370698;0.771330275;0.853258677;49.908;155;4.1;10;Waynesville;2
446.6;8.5029;10.52137633;0.673301097;0.784597549;82.338;26;0;3;Bull Fork;3
446.6;6.3591;6.150823365;0.486162724;0.627895784;34.06;68;0;5;Liberty;4
446.6;6.7185;6.091246724;0.549438562;0.686818808;35.792;35;0;1;Oregonia;1
446.6;5.1684;4.754330218;0.534930468;0.674698836;19.754;59;0;1;Sunset;2
446.6;5.3669;8.756537043;0.645062162;0.758201682;40.654;73;0;5;Whitewater;2
445.3192308;1.6167;25.24866633;0.806615088;0.825448246;15.406;26;2.9;5;Aerina;2
444.65;3.7397;10.65893525;0.842019113;0.896135971;28.916;54;0;4;Kuldiga;1
444.6153846;4.8079;9.922989013;0.844784265;0.893308247;36.93;104;7.75;6;Ellis Bay;3
442.4449275;5.4068;18.46873833;0.963088318;0.97632822;81.198;69;10.65;9;White Head;3
441.21875;3.4573;14.15924815;0.869276043;0.902599626;34.204;48;7.75;6;Becscie;2
438.3651515;9.0255;8.432511208;0.785445932;0.862797411;67.402;33;5.4;6;Solvik;2
437.7125;2.5635;13.55741898;0.746704687;0.802000952;21.268;48;3.9;6;Gun River;2
435.95;4.0643;6.814631102;0.734120923;0.823249097;20.798;37;0;1;Ross Brook;1
435.95;6.0218;10.25921803;0.548103563;0.679918018;55.872;30;0;1;Ross Point;1
435.1857143;3.4151;16.29385096;0.890392732;0.920373582;38.514;35;15.8;4;Laketown Dolomite;2
434.6691057;4.5963;14.48321635;0.852816797;0.897019242;51.634;123;5.4;10;Jupiter;4
433.790625;9.2457;13.08298411;0.933425322;0.954666718;107.464;32;19.1;5;Whittaker;3
429.534;15.2894;8.459843538;0.851373562;0.911698948;120.518;25;7.75;2;Scotch Grove;1
426.0095238;18.1707;8.467438305;0.793317642;0.865037499;145.47;42;7.75;6;Rochester;3
425.9365385;17.9888;12.41678473;0.916692953;0.951766119;210.746;26;7.55;4;Motol;1
425.9;10.1698;14.6854829;0.931505957;0.949913194;128.418;44;2.65;8;Cape Phillips;2
421.006383;19.0074;16.60771661;0.970677087;0.983076695;297.784;47;2.1;11;Kopanina;4
420;9.3328;4.727990642;0.472799407;0.629762166;39.342;28;0;1;Overton;1
419.2516667;20.7128;5.494396805;0.593998371;0.714389476;109.14;30;4.75;3;Henryhouse;2
419.0482143;3.9838;9.507385217;0.77670552;0.847343528;28.254;28;3.45;4;Tonoloway;4
412.75;7.5014;12.24785574;0.846163254;0.906810401;80.478;27;10.2;4;Mount Ida;2
410.9837209;4.3748;8.597360975;0.781341722;0.857569601;28.866;43;3.45;2;Saint-Cenere;1
410.8967742;5.8565;15.95495647;0.724454605;0.766445483;77.658;62;3.45;5;Garra;2
405.2564103;7.9752;9.818118563;0.873349287;0.919618386;67.854;39;5.3;4;Yujiang;4
400.5;9.5863;10.75994119;0.899843785;0.938132996;92.21;29;0;3;McColley Canyon;1
397.4866667;4.6875;13.86694819;0.904230671;0.94194695;51.054;30;8.6;2;Ertang;1
397.168;3.6314;3.315468525;0.326419971;0.458961353;8.712;25;7.4;1;upper part;1
394.0965517;3.7592;11.69750832;0.752959554;0.842719823;32.19;29;14.6;4;Bird Fiord;1
390;7.5019;12.97888862;0.889046181;0.930843381;83.71;41;0;3;Denay Limestone;4
390;11.442;8.626828276;0.805032404;0.876272282;89.224;66;0;6;Onondaga;4
386.7333333;9.2603;12.24782395;0.880351399;0.913671124;99.086;30;4.1;7;Marcellus;4
386.0891775;9.7126;11.6693206;0.870584474;0.907665641;99.97;231;1.9;15;Ludlowville;4
386.0701493;9.6424;9.869596985;0.882886423;0.926425126;84.686;134;1.9;8;Skaneateles;4
385.9;6.6422;9.306362636;0.838076798;0.897023669;51.384;203;0;7;Geneseo;3
385.9;9.8082;13.11929508;0.921884943;0.950733945;114.344;27;0;4;Little Cedar;2
385.9;10.0004;11.79208998;0.881417921;0.930318291;106.122;54;0;2;Mahantango;3
385.9;8.97;10.88306465;0.840752997;0.89754994;85.348;288;0;18;Moscow;3
385.9;19.2428;6.910621998;0.798373252;0.866489562;125.352;27;0;1;Silica;1
385.9;8.4864;11.32491024;0.876320432;0.921462871;83.412;76;0;7;Tully;2
385.9;5.816;11.62537394;0.834969361;0.889896991;56.084;26;0;4;Kowala;3
381.3270833;5.7366;12.76720916;0.904698898;0.938621714;60.454;24;5.25;7;Kowala;4
380.026;5.6263;11.70304644;0.888364351;0.931372547;53.688;25;3.15;3;Shell Rock;2
379.9;3.6677;16.58476794;0.924770415;0.953747009;43.93;71;0;4;Chemung;1
379.9;6.7529;6.356919219;0.736861742;0.834815647;36.216;63;0;1;Glen Aubrey;2
379.9;3.4824;11.72443258;0.872234502;0.918319305;28.728;31;0;3;Ithaca;1
379.9;12.3322;9.992309348;0.869189024;0.921908278;112.708;40;0;5;Lime Creek;1
379.9;3.1524;5.666708713;0.683817464;0.778009337;12.022;29;0;2;Sly Gap;1
379.9;6.6462;6.645446566;0.716768622;0.818099176;37.224;60;0;1;Triangle;2
379.9;12.6108;1.899786591;0.263725296;0.375034669;22.05;24;0;2;Waterways;1
379.9;3.1763;8.608950775;0.704903921;0.794533441;18.552;44;0;1;Frasnian moyen;1
368.2144068;6.7507;11.70075851;0.860805848;0.91516075;67.03;59;5.7;4;Three Forks;3
361.2615385;7.8738;17.23755197;0.950377179;0.971148742;118.57;26;15.4;3;Pilton;2
358.2872093;5.0025;9.494153113;0.817870928;0.878158346;37.71;43;11.15;6;Sappington;5
353.1370968;6.6638;11.3423578;0.885260996;0.927582167;64.906;93;4.25;3;Banff;2
346.4267241;13.8132;6.608424873;0.774803743;0.83365677;83.75;58;5.35;5;Fort Payne;2
344.1589744;13.7563;6.011265686;0.774702048;0.852813186;76.198;39;4.25;2;Muldraugh;2
343.9;3.64;4.788695555;0.597749883;0.715021821;12.556;35;0;1;High Tor Limestone;2
331.2;5.5702;6.320104101;0.719344206;0.813749461;28.486;117;0;1;Second Abden Shale;1
331.1554545;15.7291;3.671337185;0.533200509;0.673210965;53.832;55;2.45;2;Bangor Limestone;2
327.1107143;6.761;8.565128919;0.692140132;0.800387846;49.43;28;1.7;2;Golconda;1
323.397449;6.212;15.58465839;0.941101716;0.964064199;81.006;49;13.975;3;Amsden;3
322.4741379;9.0299;7.512394563;0.801139526;0.878589016;59.742;29;6.5;2;Glen Dean Limestone;2
316.1925;6.4559;9.585999006;0.844500984;0.90604335;52.092;30;1.575;1;Watahomigi;2
304.6664063;4.3773;6.234543675;0.688370753;0.791769855;20.848;64;0.525;2;Winchell;1
301.15;10.4126;9.701613331;0.862891212;0.919200198;90.426;41;0;2;Gaptank;2
300.5888889;4.9578;13.84674198;0.924185134;0.95550545;54.552;27;1.5;3;Stotler;2
300.5611111;5.7675;9.210848666;0.814412211;0.883531005;43.448;54;1.5;2;Wood Siding;3
300.4916667;5.4173;10.63942116;0.84998846;0.908095951;46.574;36;1.5;2;Janesville Shale;3
300.2230263;6.0578;10.42677159;0.858313601;0.914180183;51.99;152;1.95;7;Foraker;4
299.2;9.3403;6.862015226;0.763435611;0.85415784;56.572;46;0;2;Graham;1
297.2430233;17.2916;9.480521108;0.909052906;0.944773958;150.918;43;4.2;3;Neal Ranch;3
297.215;5.3064;11.94716623;0.894716482;0.936438114;51.176;30;4.2;4;Red Eagle;3
296.95;6.7249;9.292300514;0.722266746;0.818046581;53.134;26;0;4;Beattie;3
296.95;3.9139;15.59260322;0.924033841;0.953222985;45.004;76;0;3;Grenola;3
295.4488636;9.4835;5.958368529;0.707782266;0.804328257;50.53;44;9.7;8;Copacabana;3
293.0791667;2.1321;23.66145735;0.937578145;0.955835439;26.738;24;4.4;1;Ol'chan;1
292.55;3.7882;9.856912543;0.829361825;0.881507386;27.078;39;0;6;Saiwan;3
292.3;5.9784;12.06908039;0.913317853;0.938675805;58.134;93;7.75;20;Callytharra;3
291.0837838;1.9739;31.1898518;0.969640435;0.97730891;29.664;37;7.75;3;Echii;1
291.063141;6.2894;12.06673627;0.906603971;0.94522293;62.458;78;20.375;5;Jungle Creek;1
289.0384615;6.2899;16.53345348;0.934070481;0.952987677;85.17;78;12.15;10;Hueco;3
287.9;8.2418;12.1073846;0.904018038;0.943854305;87.024;30;7.75;4;Lenox Hills;3
284.8;12.8897;9.698037228;0.874112752;0.927820165;114.066;50;0;3;Skinner Ranch;4
284.8;4.5799;10.44805927;0.893835892;0.931055208;37.238;32;0;1;Keziliqiman;1
284.8;6.7209;11.88175519;0.903201974;0.937885433;66.524;133;0;10;Buffel;3
284.8;3.948;12.21989241;0.829155909;0.886413053;35.716;40;0;8;Cattle Creek;3
284.8;4.2405;11.3710959;0.837526434;0.893369773;37.246;44;0;9;Tiverton;3
276;13.3929;13.7041373;0.955458314;0.974079203;165.358;79;0;11;Bone Spring;3
276;20.6558;10.21115459;0.899011352;0.940866677;196.08;106;0;5;Cathedral Mountain;4
276;6.6004;8.21265653;0.817246912;0.889422194;45.37;48;0;1;Coyote Butte;1
276;8.1888;7.158478429;0.792747223;0.858824921;50.99;45;0;5;Loray;3
276;11.5643;12.33842988;0.916515818;0.95199771;128.514;69;0;2;Skinner Ranch;3
276;3.2655;22.57888837;0.955545162;0.967823563;50.862;25;0;5;Talata;1
276;4.5926;21.86261801;0.984150683;0.990515624;77.704;34;0;16;Qixia;2
276;2.1534;25.5396537;0.953472046;0.965489478;28.868;38;0;20;Wandagee;2
274.6309524;4.6347;15.38451931;0.848428294;0.897421308;55.81;84;5.75;10;Kaibab;3
271.4466667;31.9416;9.248377982;0.886802211;0.934244999;281.278;75;5.75;4;Road Canyon;4
270.25;2.357;22.11149849;0.841697358;0.868824531;29.538;51;0;10;Kazan;2
270.25;4.336;6.085826759;0.637541315;0.752788927;20.19;29;0;2;Gymnocodiacean limestone;1
270.25;3.9556;7.328469902;0.720350132;0.79575286;21.552;25;0;7;Oxtrack;3
270.2016129;17.3712;6.984193066;0.820318334;0.881496958;113.818;31;1.5;5;Rat Buri;3
270.1013514;7.1106;14.13782425;0.910004695;0.944967854;85.274;37;9.5;6;Phosphoria;2
269;6.631;16.70643175;0.960645537;0.97551821;92.456;38;9.5;7;Park City;2
268.6181319;22.4671;9.713775966;0.893182137;0.935966813;203.492;91;3.75;8;Word;3
267.8095238;5.9919;11.07644911;0.851882839;0.909506703;54.848;63;3.75;3;Takhandit;1
267.475;4.6744;16.02080118;0.884974598;0.925084081;58.5;30;3.75;9;Maokou;2
267.4642857;3.2157;13.1201523;0.883402881;0.926069723;28.746;28;2.25;8;Barfield;2
266.7727273;3.9536;15.76536452;0.894690112;0.92288874;45.72;55;3.75;11;Blenheim;2
266.5;8.0739;9.110545858;0.787393907;0.86678683;64.518;26;0;1;Antimonio;1
266.5;7.5446;12.00802179;0.877989977;0.926704343;77.504;99;0;9;Amb;2
266.5;3.287;10.56673113;0.81406474;0.875876008;23.878;79;0;4;Khuff;3
266.5;6.0684;12.15334861;0.899988784;0.938574928;60.832;29;0;5;Gnishik;2
266.5;3.7988;9.815415199;0.705819343;0.794723761;27.328;35;0;7;Ingelara;4
262;24.2395;6.365891381;0.807023646;0.88178957;146.52;46;0;4;Bell Canyon;4
262;11.4064;10.60024546;0.872294428;0.924249779;110.404;36;0;6;Capitan;4
262;6.0756;5.887180922;0.651787529;0.769136362;29.566;131;0;1;Gerster;1
262;4.1425;19.20330739;0.940752042;0.960229724;60.33;29;0;6;Chandalaz;1
262;8.3651;6.920701442;0.779906793;0.860603447;50.31;57;0;9;Flat Top;2
262;2.4963;8.751322046;0.229259098;0.274853684;13.846;30;0;6;Peawaddy;3
261.4358974;3.319;16.53456518;0.915104583;0.943313664;37.95;39;5.5;4;Khachik;2
260.975;3.273;11.77493016;0.851414522;0.902913626;26.556;28;8.85;2;Pamucak;2
256.9714286;15.3592;11.14055229;0.917122209;0.9494559;153.808;245;5.5;15;Wargal;3
256.5;4.6416;11.37288826;0.884769395;0.928552294;40.252;93;0;3;Wegener Halvo;2
256.5;4.0357;10.46412068;0.855898914;0.907491477;31.426;51;0;1;Naujoji Akmen‚;1
256.5;7.5096;8.46445797;0.829115352;0.89193307;53.368;86;0;15;Ford;3
256.5;5.7739;11.48424936;0.847871759;0.904801518;54.788;74;0;7;Julfa;2
255.9745098;7.4003;15.92258768;0.956276907;0.973475776;100.014;153;3.35;30;Longtan;3
255.2657895;9.3498;15.18062304;0.959163983;0.975167233;125.628;38;3.35;12;Heshan;3
254.8675862;13.5148;11.46756157;0.898784968;0.940197944;141.51;145;3.35;13;Chhidru;2
254.1166667;4.3097;11.53398763;0.865898383;0.914790758;37.804;45;3.35;4;Nesen;1
253.3994681;5.8957;17.38557652;0.936220753;0.955453111;83.83;94;3.35;22;Dalong;4
253.2917323;8.3909;16.359012;0.956046332;0.974302038;118.412;254;3.35;36;Changxing;5
253.15;5.0182;13.90014334;0.899474666;0.9354762;54.538;135;0;8;Senja;2
253.15;4.6894;16.71447215;0.941829923;0.965356395;61.502;36;0;5;Yanshi;1
251.8;4.1065;11.49333837;0.864770127;0.912283337;35.434;54;0;6;Dinwoody;3
251.8;2.6532;10.76025812;0.660695707;0.746271657;17.85;78;0;4;Wordie Creek;3
251.8;4.8329;13.85811761;0.904652552;0.942549943;53.008;51;0;10;Feixianguan;4
251.5723214;4.1497;12.15969449;0.840391248;0.898988144;38.074;56;2.55;3;Daye;2
251.0633333;2.6676;5.745265301;NA;NA;9.498;45;2.55;1;Bodvaszilas Sandstone;2
250.9199346;4.1678;12.25154519;0.867501949;0.910815855;38.534;153;2.55;12;Werfen;4
249.75;3.0307;5.348612087;0.630358956;0.73355094;10.788;37;0;1;Csopak Marl;1
249.2616279;3.7697;13.55812951;0.895352214;0.926425529;37.268;43;0.5;13;Thaynes;3
249.25;7.1025;11.48179378;0.896763639;0.935339587;69.31;103;0;9;Moenkopi;4
249.25;2.9568;7.161849038;0.692344244;0.776586942;13.964;25;0;1;Szin Marl;2
244.6;8.1592;8.556008779;0.755488985;0.833914494;61.424;34;0;5;Fels?rs;5
244.5469697;27.2177;7.509751799;0.873122221;0.918266407;189.866;66;3.5;8;Qingyan;3
243.5986842;3.5794;15.68705579;0.904793627;0.93734774;40.19;38;10.75;3;Ulakhan-Krest;1
232.978;17.3413;16.63972027;0.964656274;0.978126377;267.536;125;10.25;23;Cassian;5
228.2539683;3.0815;5.960782854;0.642180036;0.743400057;12.256;63;6.25;2;Luning;2
214.795;3.346;11.87283624;0.843907364;0.890621967;27.474;28;4.98;5;Luning;4
212.1758621;2.7642;19.20068838;0.846754533;0.890893722;33.88;29;10.18;6;Chambara;3
207.3133766;6.8118;13.20484619;0.928960017;0.957189712;75.666;77;10.18;10;Nayband;3
203.6;4.5715;10.7959485;0.859295328;0.909185899;38.364;233;0;7;Koessen;5
202.5017241;2.6186;10.74160396;0.736616583;0.805812882;17.372;29;4.55;2;Kendlbach;1
197.4085714;7.1443;9.033640209;0.838567401;0.890343658;54.958;35;6;7;Blue Lias;3
193.9590909;3.1152;6.641444052;0.6254149;0.733733952;13.914;66;6;2;Calcaire a gryphees;2
188.690625;16.0346;8.779943082;0.847622445;0.903177269;131.304;48;6.75;7;Hierlatz;3
187.5409091;7.4969;13.12592834;0.779463235;0.855730648;85.196;33;10.2;5;Isztim?;3
186.566;3.2887;11.68952833;0.790265852;0.861644161;26.704;25;6.85;2;Cold Fish Volcanics;1
186.5596154;5.1685;8.734137286;0.746344541;0.840311885;36.34;26;6.75;2;Puchenque;1
186.3;19.2608;6.411692598;0.753482081;0.848098914;116.542;27;0;3;Cape Stewart;1
186.3;19.2608;6.411692598;0.753482081;0.848098914;116.542;27;0;3;Cape Stewart;1
186.3;7.4505;7.915402727;0.831007517;0.892218868;50.812;25;0;2;Piedra Pintada;2
186.3;7.4505;7.915402727;0.831007517;0.892218868;50.812;25;0;2;Piedra Pintada;2
186.3;2.995;10.68050454;0.854139711;0.904360948;21.212;24;0;2;Almonacid de la Cuba;1
186.3;2.4196;9.060207314;0.631584458;0.726154926;12.616;44;0;1;Barre a Pecten;1
186.3;2.1245;12.84496689;0.772230718;0.830041441;14.218;33;0;1;Escales;2
186.3;2.9193;8.557243829;0.692618421;0.779127763;16.258;33;0;1;Foix;3
186.3;3.458;7.00103183;0.64797648;0.741884844;17.112;37;0;2;Rio Palomar;1
186.3;2.995;10.68050454;0.854139711;0.904360948;21.212;24;0;2;Almonacid de la Cuba;1
186.3;2.4196;9.060207314;0.631584458;0.726154926;12.616;44;0;1;Barre a Pecten;1
186.3;2.1245;12.84496689;0.772230718;0.830041441;14.218;33;0;1;Escales;2
186.3;2.9193;8.557243829;0.692618421;0.779127763;16.258;33;0;1;Foix;3
186.3;3.458;7.00103183;0.64797648;0.741884844;17.112;37;0;2;Rio Palomar;1
186.3;2.6443;11.20446925;0.78277028;0.846182648;18.04;63;0;1;Nevian;1
186.3;2.6443;11.20446925;0.78277028;0.846182648;18.04;63;0;1;Nevian;1
181.2558442;3.0051;10.11261815;0.841676803;0.889376994;19.902;77;4.65;1;Padrinas;2
180.827451;2.4449;11.81833247;NA;NA;16.784;51;3.7;1;Col d'Estivere;2
179.9532609;4.622;13.07547384;0.81368189;0.862648003;52.518;46;4.65;3;Turmiel;3
173.6;3.1539;6.651232218;0.482011363;0.625610992;14.19;125;0;2;Opalinuston;1
169.3532258;4.4014;10.9787133;0.835347907;0.896829746;36.72;93;3.45;3;Twin Creek;2
168.15;4.6717;11.06861042;0.838187741;0.900223624;40.178;123;0;1;Carmel;1
167.3693662;7.3686;15.39908092;0.940124675;0.963645065;95.826;142;3.45;5;Dhruma;4
167.0722222;4.1825;11.43410545;0.830368113;0.893658727;36.264;27;3.45;1;Sawtooth;1
162.95;13.8036;8.622621827;0.873400589;0.913001026;103.794;72;0;3;Dhruma;3
162.95;13.6215;8.652119973;0.878216833;0.926594537;108.71;25;0;1;Shuqra;1
162.95;6.964;14.26704029;0.896189307;0.934644903;83.944;48;0;4;Tuwaiq;4
162.648324;11.911;8.953385239;0.808110397;0.882480071;97.16;179;4.5;6;Chari;4
161.2262376;11.0649;10.15673303;0.867825992;0.923093593;101.322;101;5.2;5;Tataouine;4
158.45;6.9403;8.357533527;0.673778694;0.789402778;49.474;26;0;1;Argiles a Lopha gregarea;2
158.45;6.4857;14.03810669;0.914513742;0.947360375;75.934;36;0;2;Hanifa;3
158.2696429;6.2966;10.22109681;0.827137516;0.889533571;54.26;28;6.95;3;Antalo;2
151.4536842;9.5811;11.99008391;0.892980686;0.936829796;102.404;95;10.3;2;Alcobaca;5
151.2629032;6.4585;7.092220748;0.748632012;0.83386334;38.536;31;5.1;2;Sobral;2
149.9958333;12.0663;6.634665517;0.747388028;0.837881365;72.852;120;10.3;2;Kap Leslie;3
138.3;4.1766;4.89488898;0.598779077;0.710062641;15.346;35;0;3;Koprivnice;1
134.4888889;2.8622;15.47074449;0.836180987;0.884073601;29.41;45;5.1;9;Agrio;3
133.2;3.8519;3.041521781;0.285291697;0.41791137;8.6;95;0;1;Calcaires … spatangues;1
117.6006579;9.5864;10.84524803;0.862636011;0.91708184;92.77;38;3.295;4;Hiraiga;2
116.1952586;11.6049;15.39594286;0.952131166;0.973101513;162.582;58;12.875;2;Lower Greensand;2
109.7088462;5.1229;15.18187323;0.928157181;0.955190201;61.17;52;21.455;1;Gres verts helvetiques;3
106.15;5.8673;8.539290875;0.815828731;0.886240802;41.15;71;0;1;Kiowa;2
105.09;2.4045;20.58871962;0.939779825;0.954443584;28.788;30;8.3;1;Hilo;1
98.47685185;5.0398;6.122361206;0.650979208;0.755076286;24.704;27;30.725;3;Budden Canyon;2
97.25384615;6.9058;13.00065494;0.883114326;0.924918024;75.72;65;5.5;4;Galala;2
97;7.6137;5.073914876;0.563057236;0.701276113;33.51;31;0;2;Tropic Shale;2
97;8.8267;12.41819047;0.905007494;0.944465705;95.928;142;0;1;Woodbine;1
95.67234043;2.5493;12.59199462;0.795044728;0.855493596;19.338;47;5.2;4;Greenhorn;3
94.42934783;5.5358;13.5527876;0.903822597;0.936087489;60.722;92;5.2;11;Mancos Shale;4
92.73846154;5.6433;13.07504006;0.931129848;0.957922081;59.796;39;5.2;6;Abu Qada;2
92.73592233;3.3303;19.5150712;0.9441337;0.96257359;45.112;103;8;5;Cotinguiba;2
91.8;4.7233;12.31574818;0.87869724;0.925152156;45.772;26;0;4;Wata;2
91.8;4.601;13.19613152;0.933443299;0.958416855;46.668;31;0;4;Abu Qada;1
91.73103448;3.1706;18.74005093;0.929314043;0.952668627;40.332;87;4.25;4;Cotinguiba;2
89.61153846;4.0285;15.79559204;0.885041227;0.918529614;47.802;78;14.05;10;Mancos Shale;4
86.775;3.3732;14.31359037;0.884019705;0.921954718;33.704;38;14.05;7;Niobrara;3
85.80517241;2.5187;10.19901117;0.747229023;0.806249298;15.474;29;2.2;1;Olazagutia;1
82.77142857;3.625;8.633789388;0.778001041;0.850816324;22.446;56;7.6;2;Hinoshima;2
77.75;9.2547;5.17311792;0.69503044;0.80324519;42.474;43;0;1;Jalama;1
75.20580159;5.1795;17.83157949;0.931861252;0.955158508;74.42;63;9.4285;5;Pierre Shale;3
73.53198684;20.4938;10.12991799;0.912277696;0.949913183;194.47;38;9.4285;2;Nacatoch Sand;1
68.5572125;32.3907;10.57100881;0.885922458;0.931412361;337.8;40;9.4285;5;Ripley;2
68.40661905;3.6972;11.65837309;0.793757849;0.860982684;31.456;84;7.15;7;Guinea Corn;2
68.3215;14.5236;11.23537749;0.889568871;0.935587339;150.248;140;0;3;Corsicana Marl;1
68.3215;7.5519;10.33381342;0.793204264;0.871723093;67.17;113;0;1;Escondido;1
68.3215;28.338;7.522214154;0.797090388;0.880239539;204.028;113;0;5;Prairie Bluff;2
68.3215;6.3298;11.94674204;0.874730072;0.924099882;62.876;53;0;5;Moreno;2
68.3215;19.0585;8.769108062;0.791149114;0.870439451;157.172;32;0;5;Peedee;3
68.3215;31.3384;7.199827709;0.785962438;0.874541836;217.038;103;0;3;Providence;1
68.3215;6.0135;6.714743119;0.711596784;0.79498961;33.48;33;0;5;Jaguel;2
68.3215;7.1184;7.310376141;0.805717513;0.877740032;44.118;39;0;1;Lefip?;1
68.3215;9.3774;6.453040681;0.792062359;0.863773953;53.202;48;0;6;Roca;3
68.3215;4.2365;7.629401929;0.66688129;0.765723441;24.668;40;0;4;Ciply-Malogne Phosphatic Chalk;1
63.8715;5.0075;14.01783587;0.893166903;0.934954497;55.748;64;0;4;Clayton;3
63.8715;8.1855;4.234810978;0.48198924;0.633565339;30.304;60;0;1;Jag?l;1
63.8715;6.2187;5.276972075;0.651168209;0.766641184;27.496;34;0;1;Lefip?;1
63.81594444;7.9499;14.25806113;0.948292497;0.968472698;96.55;108;1.5;6;Kincaid;2
63.7793125;5.8105;8.266660983;0.784231344;0.864820028;39.646;32;2.95;4;Sobral;3
62.409;5.8254;15.81947128;0.935157067;0.961190001;75.122;40;1.5;3;Wills Point;3
61.44756364;10.1336;10.18608756;0.897026734;0.937875668;91.418;55;3.6715;7;Porters Creek;3
57.25;7.389;10.15573594;0.851446116;0.905741188;63.874;44;0;5;Aquia;4
57.25;16.1675;8.05006535;0.827752252;0.896237295;121.078;35;0;6;Tuscahoma;3
52.2;15.3902;10.45383739;0.860176372;0.91628628;149.414;66;0;6;Hatchetigbee Bluff;2
50.92833333;8.809;11.10684361;0.891256041;0.932824012;84.966;30;7.7;4;Nanjemoy;3
47.684;10.5028;9.812690752;0.873524602;0.924597376;92.728;25;5.2;4;Tallahatta;1
42.83333333;15.4615;8.534926177;0.881473985;0.924727506;120.922;39;16.65;6;La Meseta;3
42.48823529;31.4064;8.754554345;0.86832624;0.921072935;263.278;51;5.7;4;Lisbon;3
40.2440678;7.3333;13.94030025;0.90455677;0.939911838;86.598;59;5.7;8;Castle Hayne;3
40.12777778;14.4751;11.02271759;0.917414621;0.949571844;147.086;27;8.95;8;Santee;4
39.3488;17.7372;9.754108203;0.900138002;0.93976564;160.206;125;5.7;9;Moodys Branch;3
39.29769231;13.9766;14.62125748;0.964612546;0.980003346;183.562;130;13.4;7;Cook Mountain;4
38.8;36.0336;6.505861967;0.804493395;0.866551871;229.968;28;0;7;Gosport;2
35.58404255;11.5106;5.243124604;0.735144917;0.835792652;54.366;47;1.6;3;Eugene;2
35.55;7.817;6.361223646;0.770879437;0.851919013;43.048;27;0;2;San Emigdio;2
35.55;10.104;13.29925654;0.911291742;0.945460318;120.414;36;0;6;Yazoo;3
35.55;3.8108;8.911331079;0.816530743;0.880613964;24.794;29;0;2;Wilson Bluff;2
31.15;12.1033;14.0829116;0.862898259;0.916728992;156.796;25;0;6;Suwannee Limestone;2
31.15;4.2817;7.190320833;0.763889876;0.841681491;23.484;28;0;1;Waita;2
30.70632653;31.4766;5.368505053;0.668469242;0.769409235;163.994;49;5.435;6;Byram;3
28.60234375;9.8308;5.268585743;0.73023749;0.828058106;46.074;32;5.435;1;Pittsburg;2
24.07182857;17.8458;13.73889212;0.935498378;0.964182144;231.628;35;4.915;4;Arcadia;2
20.8322;13.6209;8.321878088;0.829804954;0.900220086;104.696;25;6.215;5;Vaqueros;2
20.55833333;12.673;11.95825155;0.927633658;0.95893053;138.172;48;2.1;4;Culebra;2
19.5;9.726;10.99945639;0.894010764;0.939088751;94.31;45;0;2;Kirkwood;1
19.5;35.4401;11.36033734;0.938401863;0.964250042;385.888;25;0;5;Pirabas;2
18.2;32.2055;10.57716504;0.877229189;0.924377909;327.404;81;0;7;Chipola;2
17.91639344;10.752;8.833039931;0.829952973;0.898573875;85.026;61;2.4;2;Jimol;4
17.319;6.5442;9.63189046;0.809173024;0.885386447;53.288;24;0;1;Narrrow Cape Formaton;1
17.03213462;8.1448;11.74907043;0.864050427;0.919784703;83.622;52;11.926;3;Temblor;2
15.65027778;11.0445;8.616427421;0.799843634;0.878627021;85.35;108;3.4;2;Castilletes;3
15.00348276;15.1548;12.41095778;0.901714088;0.940950777;176.63;29;6.871;10;Calvert;4
13.789;10.5154;8.099101664;0.820635121;0.888637952;76.294;34;0;1;Astoria;1
13.74438462;11.0579;12.98529062;0.821157896;0.881056097;132.204;26;1.16;3;Nyalindung;2
13.3512963;21.4798;7.082999581;0.734006806;0.832590869;144.778;27;1.16;6;Choptank;3
12.4;44.7615;9.023021337;0.822690776;0.896741273;398.394;37;0;5;Shoal River;2
10.52137245;26.5691;10.72000821;NA;NA;271.106;196;3;20;Gatun;2
9.427;7.7156;9.617466222;0.886021894;0.93342561;63.908;31;0;1;Tachilni;1
8.640133333;3.6742;10.78261823;0.733262545;0.815596783;28.708;45;0.957;3;Puerto Madryn;2
7.604;5.5226;6.490599078;NA;NA;29.104;28;0;1;Sisquoc;1
7.521678161;18.1123;10.79723531;0.849462715;0.907756489;187.03;87;3.827;8;Cercado;4
6.508375;6.9335;19.13935275;0.926512935;0.9450426;111.542;40;1.5;4;Chagres Sandstone;3
5.770782609;2.6755;18.80609204;0.917094035;0.941492401;30.978;46;5.376;12;Pisco;1
5.692514706;20.8646;10.53157658;0.893608042;0.939180634;207.1;136;3.5;12;Gurabo;4
5.271583333;9.8947;14.58911124;0.96143699;0.978410706;126.9;48;5.376;5;Tubarÿ;1
3.753970588;14.5539;11.77277847;NA;NA;156.486;68;1.556;17;Yorktown;4
3.644;24.958;9.801015687;0.89187822;0.929142623;233.442;25;0.8;3;Cayo Agua;2
3.348611111;11.4266;17.79535595;0.948350828;0.965201904;185.902;72;1.372;15;Tamiami;4
2.9;17.9806;12.02462298;0.906764151;0.934711649;202.082;26;0;6;Rio Banano;2
1.6845;11.436;7.422024653;0.822809007;0.893485726;76.842;28;0;1;Toukoshan;1
1.669814516;29.5177;14.30834239;0.924157723;0.94989813;404.096;62;0.8905;9;Caloosahatchee;4
1.66912;31.4582;10.85177062;0.892714079;0.936774468;329.41;25;0.3845;6;Waccamaw;2
0.069;21.5599;8.16733347;0.814621545;0.886766441;166.648;32;0;3;Pamlico;2
